2026-03-17_17-09-58,0,draft.go:2026-03-17_17-09-58
2026-03-17_17-09-58,---,draft.go:2026-03-17_17-09-58
2026-03-17_17-14-13,0,draft.go:2026-03-17_17-14-13
2026-03-17_17-16-12,0,draft.go:2026-03-17_17-16-12
2026-03-17_17-23-36,0,draft.go:2026-03-17_17-23-36
2026-03-17_17-28-12,100,draft.go:2026-03-17_17-28-12
2026-03-17_17-28-38,0,draft.go:2026-03-17_17-28-38
2026-03-17_17-29-22,100,draft.go:2026-03-17_17-29-22
2026-03-17_17-29-38,100,draft.go:2026-03-17_17-29-22
2026-03-17_17-29-45,100,draft.go:2026-03-17_17-29-22
2026-03-17_17-30-02,---,draft.go:2026-03-17_17-29-22
2026-04-28_16-42-16,100,draft.go:2026-04-28_16-42-16
2026-05-05_17-19-48,100,draft.go:2026-04-28_16-42-16
2026-05-05_17-19-50,---,draft.go:2026-04-28_16-42-16
2026-05-05_17-26-27,100,draft.go:2026-04-28_16-42-16
2026-05-05_17-26-30,100,draft.go:2026-04-28_16-42-16
2026-05-05_17-26-31,---,draft.go:2026-04-28_16-42-16
